date,artist_id,market,streams,listeners,saves,skips,new_followers,save_rate,skip_rate
2024-04-01,AR001,Brazil,28174,5170,2452,6990,544,8.7,24.81
2024-04-01,AR001,Canada,50192,9188,4204,12249,966,8.38,24.4
2024-04-01,AR001,France,82340,15075,6884,20201,1583,8.36,24.53
2024-04-01,AR001,Germany,153483,28033,13140,37206,2942,8.56,24.24
2024-04-01,AR001,Japan,27967,5097,2383,6835,542,8.52,24.44
2024-04-01,AR001,United Kingdom,89486,16322,7722,21844,1723,8.63,24.41
2024-04-01,AR001,United States,118399,21639,9934,29321,2295,8.39,24.76
2024-04-01,AR002,Brazil,3342,508,251,879,60,7.51,26.3
2024-04-01,AR002,Canada,6300,957,448,1654,113,7.11,26.25
2024-04-01,AR002,France,9814,1489,687,2505,178,7.0,25.52
2024-04-01,AR002,Germany,18122,2749,1330,4828,331,7.34,26.64
2024-04-01,AR002,Japan,3401,515,246,891,59,7.23,26.2
2024-04-01,AR002,United Kingdom,10253,1557,720,2646,178,7.02,25.81
2024-04-01,AR002,United States,14586,2213,1038,3820,257,7.12,26.19
2024-04-01,AR003,Brazil,3866,612,235,1146,62,6.08,29.64
2024-04-01,AR003,Canada,7129,1121,428,2118,119,6.0,29.71
2024-04-01,AR003,France,11048,1740,652,3366,193,5.9,30.47
2024-04-01,AR003,Germany,20886,3302,1214,6208,342,5.81,29.72
2024-04-01,AR003,Japan,4028,638,239,1233,66,5.93,30.61
2024-04-01,AR003,United Kingdom,12995,2050,760,3816,212,5.85,29.37
2024-04-01,AR003,United States,15896,2509,949,4808,260,5.97,30.25
2024-04-01,AR004,Brazil,1665,253,137,388,33,8.23,23.3
2024-04-01,AR004,Canada,2917,443,245,672,58,8.4,23.04
2024-04-01,AR004,France,4990,758,406,1124,92,8.14,22.53
2024-04-01,AR004,Germany,8399,1277,679,1932,159,8.08,23.0
2024-04-01,AR004,Japan,1669,253,135,373,33,8.09,22.35
2024-04-01,AR004,United Kingdom,4853,738,380,1084,90,7.83,22.34
2024-04-01,AR004,United States,7238,1101,579,1656,139,8.0,22.88
2024-04-02,AR001,Brazil,28374,5185,2394,6977,544,8.44,24.59
2024-04-02,AR001,Canada,50632,9260,4282,12523,973,8.46,24.73
2024-04-02,AR001,France,84617,15431,7320,20864,1629,8.65,24.66
2024-04-02,AR001,Germany,155643,28399,12989,37899,3019,8.35,24.35
2024-04-02,AR001,Japan,28285,5169,2420,6910,547,8.56,24.43
2024-04-02,AR001,United Kingdom,92574,16958,7889,22486,1769,8.52,24.29
2024-04-02,AR001,United States,125638,23001,10732,30947,2425,8.54,24.63
2024-04-02,AR002,Brazil,3485,529,255,904,61,7.32,25.94
2024-04-02,AR002,Canada,5812,882,417,1474,103,7.17,25.36
2024-04-02,AR002,France,10263,1558,722,2720,186,7.03,26.5
2024-04-02,AR002,Germany,18544,2812,1319,4904,336,7.11,26.45
2024-04-02,AR002,Japan,3508,534,245,929,62,6.98,26.48
2024-04-02,AR002,United Kingdom,10662,1619,737,2837,186,6.91,26.61
2024-04-02,AR002,United States,15204,2307,1068,4038,271,7.02,26.56
2024-04-02,AR003,Brazil,3987,625,235,1195,66,5.89,29.97
2024-04-02,AR003,Canada,6806,1081,400,2081,114,5.88,30.58
2024-04-02,AR003,France,11751,1858,715,3544,204,6.08,30.16
2024-04-02,AR003,Germany,21697,3429,1260,6513,365,5.81,30.02
2024-04-02,AR003,Japan,3919,618,236,1164,65,6.02,29.7
2024-04-02,AR003,United Kingdom,12737,2006,789,3809,211,6.19,29.91
2024-04-02,AR003,United States,16940,2674,1048,5149,273,6.19,30.4
2024-04-02,AR004,Brazil,1561,237,130,361,31,8.33,23.13
2024-04-02,AR004,Canada,3122,475,257,704,56,8.23,22.55
2024-04-02,AR004,France,4991,759,400,1170,93,8.01,23.44
2024-04-02,AR004,Germany,9054,1377,724,2120,176,8.0,23.42
2024-04-02,AR004,Japan,1682,255,134,386,31,7.97,22.95
2024-04-02,AR004,United Kingdom,5731,871,453,1380,112,7.9,24.08
2024-04-02,AR004,United States,7733,1175,654,1824,146,8.46,23.59
2024-04-03,AR001,Brazil,27337,5032,2361,6689,528,8.64,24.47
2024-04-03,AR001,Canada,49181,9025,4113,11962,945,8.36,24.32
2024-04-03,AR001,France,81625,14917,7028,19969,1589,8.61,24.46
2024-04-03,AR001,Germany,151653,27851,12799,37008,2937,8.44,24.4
2024-04-03,AR001,Japan,27157,4953,2320,6654,524,8.54,24.5
2024-04-03,AR001,United Kingdom,88427,16244,7450,21854,1733,8.43,24.71
2024-04-03,AR001,United States,122097,22370,10369,29853,2342,8.49,24.45
2024-04-03,AR002,Brazil,3322,504,240,876,58,7.22,26.37
2024-04-03,AR002,Canada,5901,895,414,1542,106,7.02,26.13
2024-04-03,AR002,France,9903,1503,700,2489,176,7.07,25.13
2024-04-03,AR002,Germany,17983,2728,1287,4757,322,7.16,26.45
2024-04-03,AR002,Japan,3126,473,218,833,56,6.97,26.65
2024-04-03,AR002,United Kingdom,10297,1563,744,2667,183,7.23,25.9
2024-04-03,AR002,United States,14501,2201,1011,3757,259,6.97,25.91
2024-04-03,AR003,Brazil,3592,569,200,1090,58,5.57,30.35
2024-04-03,AR003,Canada,6686,1060,424,2042,110,6.34,30.54
2024-04-03,AR003,France,10699,1691,641,3179,178,5.99,29.71
2024-04-03,AR003,Germany,20866,3298,1251,6175,353,6.0,29.59
2024-04-03,AR003,Japan,3559,561,215,1021,60,6.04,28.69
2024-04-03,AR003,United Kingdom,12092,1908,699,3647,193,5.78,30.16
2024-04-03,AR003,United States,16228,2552,984,4738,265,6.06,29.2
2024-04-03,AR004,Brazil,1503,229,119,357,29,7.92,23.75
2024-04-03,AR004,Canada,3052,464,262,720,56,8.58,23.59
2024-04-03,AR004,France,4603,700,377,1059,87,8.19,23.01
2024-04-03,AR004,Germany,8824,1343,681,2041,168,7.72,23.13
2024-04-03,AR004,Japan,1609,245,129,361,30,8.02,22.44
2024-04-03,AR004,United Kingdom,5007,762,419,1141,96,8.37,22.79
2024-04-03,AR004,United States,7162,1089,593,1611,142,8.28,22.49
2024-04-04,AR001,Brazil,25711,4704,2163,6377,498,8.41,24.8
2024-04-04,AR001,Canada,48176,8837,4066,11712,917,8.44,24.31
2024-04-04,AR001,France,78874,14462,6626,19237,1503,8.4,24.39
2024-04-04,AR001,Germany,146712,26733,12351,35913,2822,8.42,24.48
2024-04-04,AR001,Japan,26943,4946,2273,6710,525,8.44,24.9
2024-04-04,AR001,United Kingdom,83329,15250,7227,20418,1607,8.67,24.5
2024-04-04,AR001,United States,114125,20865,9697,28033,2232,8.5,24.56
2024-04-04,AR002,Brazil,2992,453,210,763,54,7.02,25.5
2024-04-04,AR002,Canada,5693,865,408,1499,98,7.17,26.33
2024-04-04,AR002,France,9197,1395,641,2474,162,6.97,26.9
2024-04-04,AR002,Germany,17877,2714,1276,4614,323,7.14,25.81
2024-04-04,AR002,Japan,3115,474,225,805,54,7.22,25.84
2024-04-04,AR002,United Kingdom,9899,1500,717,2500,179,7.24,25.26
2024-04-04,AR002,United States,13438,2039,949,3410,241,7.06,25.38
2024-04-04,AR003,Brazil,3768,595,223,1137,59,5.92,30.18
2024-04-04,AR003,Canada,6244,984,385,1866,105,6.17,29.88
2024-04-04,AR003,France,10834,1714,648,3314,186,5.98,30.59
2024-04-04,AR003,Germany,19807,3118,1219,5824,327,6.15,29.4
2024-04-04,AR003,Japan,3477,548,209,1032,58,6.01,29.68
2024-04-04,AR003,United Kingdom,11180,1768,686,3348,180,6.14,29.95
2024-04-04,AR003,United States,15052,2385,912,4606,254,6.06,30.6
2024-04-04,AR004,Brazil,1550,235,127,361,29,8.19,23.29
2024-04-04,AR004,Canada,2741,417,233,656,54,8.5,23.93
2024-04-04,AR004,France,4619,703,379,1069,86,8.21,23.14
2024-04-04,AR004,Germany,8238,1253,663,1946,162,8.05,23.62
2024-04-04,AR004,Japan,1468,223,122,340,29,8.31,23.16
2024-04-04,AR004,United Kingdom,5020,763,404,1164,93,8.05,23.19
2024-04-04,AR004,United States,6636,1010,544,1509,127,8.2,22.74
2024-04-05,AR001,Brazil,25029,4571,2099,6169,480,8.39,24.65
2024-04-05,AR001,Canada,44508,8148,3780,10839,861,8.49,24.35
2024-04-05,AR001,France,77879,14235,6602,19086,1522,8.48,24.51
2024-04-05,AR001,Germany,139596,25593,11870,34282,2682,8.5,24.56
2024-04-05,AR001,Japan,24675,4495,2088,6033,475,8.46,24.45
2024-04-05,AR001,United Kingdom,78761,14452,6647,19387,1544,8.44,24.61
2024-04-05,AR001,United States,109267,20111,9107,26675,2111,8.33,24.41
2024-04-05,AR002,Brazil,2902,439,217,783,52,7.48,26.98
2024-04-05,AR002,Canada,5226,793,363,1356,96,6.95,25.95
2024-04-05,AR002,France,8811,1337,632,2278,159,7.17,25.85
2024-04-05,AR002,Germany,16855,2557,1180,4477,308,7.0,26.56
2024-04-05,AR002,Japan,2968,451,216,769,55,7.28,25.91
2024-04-05,AR002,United Kingdom,9164,1391,673,2358,166,7.34,25.73
2024-04-05,AR002,United States,12785,1940,890,3319,229,6.96,25.96
2024-04-05,AR003,Brazil,3372,531,202,1034,57,5.99,30.66
2024-04-05,AR003,Canada,6219,981,371,1842,106,5.97,29.62
2024-04-05,AR003,France,10590,1679,622,3178,169,5.87,30.01
2024-04-05,AR003,Germany,19504,3065,1163,5766,326,5.96,29.56
2024-04-05,AR003,Japan,3470,549,208,994,58,5.99,28.65
2024-04-05,AR003,United Kingdom,11029,1747,653,3315,186,5.92,30.06
2024-04-05,AR003,United States,15797,2495,939,4854,257,5.94,30.73
2024-04-05,AR004,Brazil,1422,216,116,318,28,8.16,22.36
2024-04-05,AR004,Canada,2529,385,206,593,47,8.15,23.45
2024-04-05,AR004,France,4412,671,377,1030,82,8.54,23.35
2024-04-05,AR004,Germany,8010,1218,632,1810,156,7.89,22.6
2024-04-05,AR004,Japan,1500,228,125,356,28,8.33,23.73
2024-04-05,AR004,United Kingdom,4820,733,381,1132,88,7.9,23.49
2024-04-05,AR004,United States,6149,935,507,1417,116,8.25,23.04
2024-04-06,AR001,Brazil,26286,4811,2250,6391,507,8.56,24.31
2024-04-06,AR001,Canada,46374,8494,3919,11594,900,8.45,25.0
2024-04-06,AR001,France,79391,14483,6738,19531,1529,8.49,24.6
2024-04-06,AR001,Germany,148278,27126,12698,35941,2853,8.56,24.24
2024-04-06,AR001,Japan,25543,4660,2188,6296,495,8.57,24.65
2024-04-06,AR001,United Kingdom,81312,14852,6865,19977,1584,8.44,24.57
2024-04-06,AR001,United States,113045,20547,9537,27724,2193,8.44,24.52
2024-04-06,AR002,Brazil,2982,453,209,785,54,7.01,26.32
2024-04-06,AR002,Canada,5612,851,400,1448,100,7.13,25.8
2024-04-06,AR002,France,9828,1492,716,2472,178,7.29,25.15
2024-04-06,AR002,Germany,17686,2684,1226,4616,315,6.93,26.1
2024-04-06,AR002,Japan,3046,462,212,793,56,6.96,26.03
2024-04-06,AR002,United Kingdom,9952,1510,699,2576,182,7.02,25.88
2024-04-06,AR002,United States,13458,2041,930,3508,238,6.91,26.07
2024-04-06,AR003,Brazil,3373,535,198,1009,55,5.87,29.91
2024-04-06,AR003,Canada,6168,977,370,1883,104,6.0,30.53
2024-04-06,AR003,France,10461,1660,634,3078,170,6.06,29.42
2024-04-06,AR003,Germany,20297,3197,1214,6088,342,5.98,29.99
2024-04-06,AR003,Japan,3432,541,206,1062,58,6.0,30.94
2024-04-06,AR003,United Kingdom,11710,1851,705,3423,198,6.02,29.23
2024-04-06,AR003,United States,14964,2375,871,4437,250,5.82,29.65
2024-04-06,AR004,Brazil,1486,227,120,350,26,8.08,23.55
2024-04-06,AR004,Canada,2616,397,220,581,48,8.41,22.21
2024-04-06,AR004,France,4900,745,395,1135,95,8.06,23.16
2024-04-06,AR004,Germany,9000,1368,751,1989,167,8.34,22.1
2024-04-06,AR004,Japan,1566,239,131,363,30,8.37,23.18
2024-04-06,AR004,United Kingdom,4761,724,382,1047,88,8.02,21.99
2024-04-06,AR004,United States,7147,1087,575,1633,132,8.05,22.85
2024-04-07,AR001,Brazil,27171,4990,2297,6614,523,8.45,24.34
2024-04-07,AR001,Canada,49243,9015,4121,12196,947,8.37,24.77
2024-04-07,AR001,France,85330,15552,7355,20424,1660,8.62,23.94
2024-04-07,AR001,Germany,157160,28717,13238,38409,2990,8.42,24.44
2024-04-07,AR001,Japan,26965,4944,2293,6576,517,8.5,24.39
2024-04-07,AR001,United Kingdom,88018,16120,7643,21744,1667,8.68,24.7
2024-04-07,AR001,United States,125245,22744,10643,30807,2437,8.5,24.6
2024-04-07,AR002,Brazil,3415,519,250,862,61,7.32,25.24
2024-04-07,AR002,Canada,6109,928,440,1607,109,7.2,26.31
2024-04-07,AR002,France,10448,1585,736,2786,186,7.04,26.67
2024-04-07,AR002,Germany,19371,2939,1337,4973,339,6.9,25.67
2024-04-07,AR002,Japan,3433,520,257,886,62,7.49,25.81
2024-04-07,AR002,United Kingdom,10932,1659,779,2818,193,7.13,25.78
2024-04-07,AR002,United States,14206,2155,1008,3720,253,7.1,26.19
2024-04-07,AR003,Brazil,3805,598,226,1137,63,5.94,29.88
2024-04-07,AR003,Canada,6897,1088,415,2057,114,6.02,29.82
2024-04-07,AR003,France,10345,1638,620,3098,176,5.99,29.95
2024-04-07,AR003,Germany,19780,3109,1210,5894,320,6.12,29.8
2024-04-07,AR003,Japan,3707,584,223,1109,62,6.02,29.92
2024-04-07,AR003,United Kingdom,12236,1936,740,3702,202,6.05,30.25
2024-04-07,AR003,United States,16434,2594,964,4764,282,5.87,28.99
2024-04-07,AR004,Brazil,1516,231,122,363,27,8.05,23.94
2024-04-07,AR004,Canada,2970,452,233,673,57,7.85,22.66
2024-04-07,AR004,France,5186,788,435,1160,95,8.39,22.37
2024-04-07,AR004,Germany,9169,1394,748,2014,170,8.16,21.97
2024-04-07,AR004,Japan,1795,272,145,434,33,8.08,24.18
2024-04-07,AR004,United Kingdom,5570,848,471,1285,107,8.46,23.07
2024-04-07,AR004,United States,7186,1093,600,1656,138,8.35,23.04
2024-04-08,AR001,Brazil,30036,5506,2535,7310,588,8.44,24.34
2024-04-08,AR001,Canada,55072,10083,4683,13392,1068,8.5,24.32
2024-04-08,AR001,France,89735,16406,7559,21830,1747,8.42,24.33
2024-04-08,AR001,Germany,170717,31255,14335,41588,3257,8.4,24.36
2024-04-08,AR001,Japan,30169,5513,2559,7291,585,8.48,24.17
2024-04-08,AR001,United Kingdom,96352,17592,8021,23655,1855,8.32,24.55
2024-04-08,AR001,United States,132725,24256,11113,32503,2561,8.37,24.49
2024-04-08,AR002,Brazil,3707,564,268,972,68,7.23,26.22
2024-04-08,AR002,Canada,6493,986,462,1651,114,7.12,25.43
2024-04-08,AR002,France,10796,1638,759,2848,187,7.03,26.38
2024-04-08,AR002,Germany,19489,2956,1379,5165,343,7.08,26.5
2024-04-08,AR002,Japan,3610,546,258,913,63,7.15,25.29
2024-04-08,AR002,United Kingdom,11544,1752,818,3091,205,7.09,26.78
2024-04-08,AR002,United States,16244,2464,1183,4222,297,7.28,25.99
2024-04-08,AR003,Brazil,3906,620,229,1171,64,5.86,29.98
2024-04-08,AR003,Canada,7389,1168,457,2206,122,6.18,29.86
2024-04-08,AR003,France,11626,1838,686,3447,191,5.9,29.65
2024-04-08,AR003,Germany,22911,3618,1374,6951,383,6.0,30.34
2024-04-08,AR003,Japan,4343,687,255,1275,72,5.87,29.36
2024-04-08,AR003,United Kingdom,13125,2071,770,3917,219,5.87,29.84
2024-04-08,AR003,United States,18551,2944,1166,5635,307,6.29,30.38
2024-04-08,AR004,Brazil,1838,281,163,430,34,8.87,23.39
2024-04-08,AR004,Canada,3132,476,258,732,62,8.24,23.37
2024-04-08,AR004,France,5160,785,420,1249,99,8.14,24.21
2024-04-08,AR004,Germany,9976,1517,824,2298,191,8.26,23.04
2024-04-08,AR004,Japan,1939,295,149,443,39,7.68,22.85
2024-04-08,AR004,United Kingdom,5510,839,437,1306,104,7.93,23.7
2024-04-08,AR004,United States,8046,1225,671,1846,146,8.34,22.94
2024-04-09,AR001,Brazil,30769,5634,2635,7440,589,8.56,24.18
2024-04-09,AR001,Canada,56919,10415,4831,14021,1109,8.49,24.63
2024-04-09,AR001,France,91265,16732,7829,22333,1755,8.58,24.47
2024-04-09,AR001,Germany,176389,32461,14875,43160,3408,8.43,24.47
2024-04-09,AR001,Japan,31683,5805,2708,7839,613,8.55,24.74
2024-04-09,AR001,United Kingdom,96914,17743,8201,23774,1873,8.46,24.53
2024-04-09,AR001,United States,138682,25289,11800,34039,2672,8.51,24.54
2024-04-09,AR002,Brazil,3629,550,260,944,64,7.16,26.01
2024-04-09,AR002,Canada,6503,988,475,1684,114,7.3,25.9
2024-04-09,AR002,France,11361,1723,805,3007,206,7.09,26.47
2024-04-09,AR002,Germany,20462,3106,1501,5337,363,7.34,26.08
2024-04-09,AR002,Japan,3766,571,270,974,68,7.17,25.86
2024-04-09,AR002,United Kingdom,11810,1791,847,3119,212,7.17,26.41
2024-04-09,AR002,United States,15734,2388,1098,4006,289,6.98,25.46
2024-04-09,AR003,Brazil,4246,671,259,1313,71,6.1,30.92
2024-04-09,AR003,Canada,7355,1156,436,2189,120,5.93,29.76
2024-04-09,AR003,France,12383,1959,746,3788,204,6.02,30.59
2024-04-09,AR003,Germany,24157,3815,1412,7275,407,5.85,30.12
2024-04-09,AR003,Japan,4322,681,259,1296,71,5.99,29.99
2024-04-09,AR003,United Kingdom,13258,2099,775,3971,222,5.85,29.95
2024-04-09,AR003,United States,18937,3007,1144,5655,308,6.04,29.86
2024-04-09,AR004,Brazil,1842,280,151,418,34,8.2,22.69
2024-04-09,AR004,Canada,3435,522,286,784,64,8.33,22.82
2024-04-09,AR004,France,5289,804,433,1218,104,8.19,23.03
2024-04-09,AR004,Germany,11078,1684,941,2547,216,8.49,22.99
2024-04-09,AR004,Japan,1814,276,152,405,34,8.38,22.33
2024-04-09,AR004,United Kingdom,6114,930,493,1338,120,8.06,21.88
2024-04-09,AR004,United States,7860,1195,651,1824,143,8.28,23.21
2024-04-10,AR001,Brazil,28877,5261,2469,7091,561,8.55,24.56
2024-04-10,AR001,Canada,53373,9790,4561,13112,1039,8.55,24.57
2024-04-10,AR001,France,91449,16727,7654,22134,1795,8.37,24.2
2024-04-10,AR001,Germany,170849,31419,14380,41973,3325,8.42,24.57
2024-04-10,AR001,Japan,29140,5348,2461,7125,567,8.45,24.45
2024-04-10,AR001,United Kingdom,96271,17648,8109,23629,1823,8.42,24.54
2024-04-10,AR001,United States,134627,24603,11426,33278,2620,8.49,24.72
2024-04-10,AR002,Brazil,3512,533,247,903,61,7.03,25.71
2024-04-10,AR002,Canada,6446,979,457,1685,115,7.09,26.14
2024-04-10,AR002,France,10413,1581,750,2742,182,7.2,26.33
2024-04-10,AR002,Germany,20146,3058,1470,5247,361,7.3,26.04
2024-04-10,AR002,Japan,3573,542,259,923,64,7.25,25.83
2024-04-10,AR002,United Kingdom,11425,1734,827,2956,204,7.24,25.87
2024-04-10,AR002,United States,16455,2496,1181,4091,296,7.18,24.86
2024-04-10,AR003,Brazil,4271,675,255,1292,70,5.97,30.25
2024-04-10,AR003,Canada,7099,1123,422,2148,114,5.94,30.26
2024-04-10,AR003,France,11852,1882,720,3554,197,6.07,29.99
2024-04-10,AR003,Germany,21760,3424,1263,6634,358,5.8,30.49
2024-04-10,AR003,Japan,4060,639,239,1198,66,5.89,29.51
2024-04-10,AR003,United Kingdom,13780,2173,821,4162,220,5.96,30.2
2024-04-10,AR003,United States,18225,2870,1122,5521,305,6.16,30.29
2024-04-10,AR004,Brazil,1850,281,153,419,35,8.27,22.65
2024-04-10,AR004,Canada,3260,495,260,763,59,7.98,23.4
2024-04-10,AR004,France,5627,856,480,1296,109,8.53,23.03
2024-04-10,AR004,Germany,10221,1554,821,2403,196,8.03,23.51
2024-04-10,AR004,Japan,1751,266,140,412,33,8.0,23.53
2024-04-10,AR004,United Kingdom,5410,824,449,1307,105,8.3,24.16
2024-04-10,AR004,United States,7321,1113,618,1711,140,8.44,23.37
2024-04-11,AR001,Brazil,27894,5095,2341,6766,541,8.39,24.26
2024-04-11,AR001,Canada,49998,9078,4272,12279,970,8.54,24.56
2024-04-11,AR001,France,83303,15266,7204,20336,1608,8.65,24.41
2024-04-11,AR001,Germany,161571,29641,13584,39325,3115,8.41,24.34
2024-04-11,AR001,Japan,28381,5181,2331,6893,546,8.21,24.29
2024-04-11,AR001,United Kingdom,90125,16511,7733,22025,1732,8.58,24.44
2024-04-11,AR001,United States,127970,23467,10825,31272,2459,8.46,24.44
2024-04-11,AR002,Brazil,3450,524,249,929,62,7.22,26.93
2024-04-11,AR002,Canada,6119,930,418,1579,106,6.83,25.8
2024-04-11,AR002,France,10049,1523,713,2652,179,7.1,26.39
2024-04-11,AR002,Germany,18429,2797,1320,4785,324,7.16,25.96
2024-04-11,AR002,Japan,3292,499,234,866,56,7.11,26.31
2024-04-11,AR002,United Kingdom,10658,1616,762,2842,190,7.15,26.67
2024-04-11,AR002,United States,14867,2257,1022,3883,258,6.87,26.12
2024-04-11,AR003,Brazil,3792,598,223,1129,63,5.88,29.77
2024-04-11,AR003,Canada,6909,1094,424,2037,109,6.14,29.48
2024-04-11,AR003,France,10992,1739,627,3308,185,5.7,30.09
2024-04-11,AR003,Germany,20761,3285,1234,6208,346,5.94,29.9
2024-04-11,AR003,Japan,4047,638,236,1240,69,5.83,30.64
2024-04-11,AR003,United Kingdom,12007,1900,735,3509,193,6.12,29.22
2024-04-11,AR003,United States,17329,2735,986,5350,287,5.69,30.87
2024-04-11,AR004,Brazil,1633,248,131,366,31,8.02,22.41
2024-04-11,AR004,Canada,3210,488,264,715,60,8.22,22.27
2024-04-11,AR004,France,4645,707,392,1094,87,8.44,23.55
2024-04-11,AR004,Germany,9006,1370,718,2104,174,7.97,23.36
2024-04-11,AR004,Japan,1646,250,141,362,30,8.57,21.99
2024-04-11,AR004,United Kingdom,5456,829,429,1291,99,7.86,23.66
2024-04-11,AR004,United States,7547,1148,605,1697,145,8.02,22.49
2024-04-12,AR001,Brazil,27060,4960,2277,6676,521,8.41,24.67
2024-04-12,AR001,Canada,48842,8933,4196,11968,949,8.59,24.5
2024-04-12,AR001,France,83543,15279,7170,20466,1596,8.58,24.5
2024-04-12,AR001,Germany,155329,28404,13029,38434,3013,8.39,24.74
2024-04-12,AR001,Japan,26880,4912,2233,6543,522,8.31,24.34
2024-04-12,AR001,United Kingdom,87525,16020,7461,21320,1691,8.52,24.36
2024-04-12,AR001,United States,122417,22421,10393,30174,2340,8.49,24.65
2024-04-12,AR002,Brazil,3426,519,244,898,61,7.12,26.21
2024-04-12,AR002,Canada,5988,909,426,1569,107,7.11,26.2
2024-04-12,AR002,France,10236,1555,731,2623,182,7.14,25.63
2024-04-12,AR002,Germany,18620,2824,1362,4779,319,7.31,25.67
2024-04-12,AR002,Japan,3248,494,233,852,59,7.17,26.23
2024-04-12,AR002,United Kingdom,10248,1555,722,2645,184,7.05,25.81
2024-04-12,AR002,United States,14665,2226,1063,3784,264,7.25,25.8
2024-04-12,AR003,Brazil,3597,569,221,1081,59,6.14,30.05
2024-04-12,AR003,Canada,6380,1018,373,1879,106,5.85,29.45
2024-04-12,AR003,France,10964,1731,649,3286,178,5.92,29.97
2024-04-12,AR003,Germany,21452,3395,1273,6291,354,5.93,29.33
2024-04-12,AR003,Japan,3580,568,216,1053,58,6.03,29.41
2024-04-12,AR003,United Kingdom,11770,1859,673,3598,194,5.72,30.57
2024-04-12,AR003,United States,16108,2545,936,4833,268,5.81,30.0
2024-04-12,AR004,Brazil,1483,227,119,340,27,8.02,22.93
2024-04-12,AR004,Canada,3004,457,242,685,57,8.06,22.8
2024-04-12,AR004,France,5038,766,410,1159,97,8.14,23.01
2024-04-12,AR004,Germany,9502,1444,807,2242,180,8.49,23.6
2024-04-12,AR004,Japan,1628,248,132,378,33,8.11,23.22
2024-04-12,AR004,United Kingdom,5265,801,419,1186,102,7.96,22.53
2024-04-12,AR004,United States,6829,1039,556,1565,131,8.14,22.92
2024-04-13,AR001,Brazil,27439,5023,2296,6720,529,8.37,24.49
2024-04-13,AR001,Canada,50714,9284,4305,12432,979,8.49,24.51
2024-04-13,AR001,France,82384,15089,7013,20132,1589,8.51,24.44
2024-04-13,AR001,Germany,159697,29217,13316,38768,3096,8.34,24.28
2024-04-13,AR001,Japan,28288,5150,2395,6913,546,8.47,24.44
2024-04-13,AR001,United Kingdom,87476,16002,7387,21568,1698,8.44,24.66
2024-04-13,AR001,United States,123468,22594,10583,30431,2370,8.57,24.65
2024-04-13,AR002,Brazil,3574,542,263,917,63,7.36,25.66
2024-04-13,AR002,Canada,5923,896,418,1531,106,7.06,25.85
2024-04-13,AR002,France,10292,1561,737,2689,183,7.16,26.13
2024-04-13,AR002,Germany,19438,2949,1387,5133,341,7.14,26.41
2024-04-13,AR002,Japan,3132,476,224,813,54,7.15,25.96
2024-04-13,AR002,United Kingdom,11031,1674,789,2925,196,7.15,26.52
2024-04-13,AR002,United States,14560,2209,1011,3740,257,6.94,25.69
2024-04-13,AR003,Brazil,3857,610,226,1151,61,5.86,29.84
2024-04-13,AR003,Canada,7083,1115,429,2083,119,6.06,29.41
2024-04-13,AR003,France,11436,1803,662,3443,189,5.79,30.11
2024-04-13,AR003,Germany,20479,3211,1190,6060,340,5.81,29.59
2024-04-13,AR003,Japan,4023,632,239,1239,67,5.94,30.8
2024-04-13,AR003,United Kingdom,11719,1845,717,3590,192,6.12,30.63
2024-04-13,AR003,United States,17221,2723,1053,5046,287,6.11,29.3
2024-04-13,AR004,Brazil,1639,249,132,375,31,8.05,22.88
2024-04-13,AR004,Canada,3256,495,258,725,61,7.92,22.27
2024-04-13,AR004,France,5175,788,417,1201,103,8.06,23.21
2024-04-13,AR004,Germany,8941,1360,693,2088,168,7.75,23.35
2024-04-13,AR004,Japan,1673,253,129,371,32,7.71,22.18
2024-04-13,AR004,United Kingdom,5038,766,388,1193,97,7.7,23.68
2024-04-13,AR004,United States,7389,1125,584,1668,134,7.9,22.57
2024-04-14,AR001,Brazil,31007,5663,2654,7589,602,8.56,24.48
2024-04-14,AR001,Canada,54810,9993,4631,13297,1062,8.45,24.26
2024-04-14,AR001,France,90921,16564,7698,22644,1759,8.47,24.91
2024-04-14,AR001,Germany,171694,31487,14316,42476,3285,8.34,24.74
2024-04-14,AR001,Japan,29926,5489,2498,7280,578,8.35,24.33
2024-04-14,AR001,United Kingdom,98341,17985,8317,24144,1901,8.46,24.55
2024-04-14,AR001,United States,134482,24666,11446,33396,2533,8.51,24.83
2024-04-14,AR002,Brazil,3794,575,274,968,68,7.22,25.51
2024-04-14,AR002,Canada,6519,990,478,1705,113,7.33,26.15
2024-04-14,AR002,France,10761,1634,760,2860,191,7.06,26.58
2024-04-14,AR002,Germany,20640,3130,1525,5381,368,7.39,26.07
2024-04-14,AR002,Japan,3642,553,254,946,63,6.97,25.97
2024-04-14,AR002,United Kingdom,11845,1798,835,3035,216,7.05,25.62
2024-04-14,AR002,United States,15887,2412,1124,4156,280,7.07,26.16
2024-04-14,AR003,Brazil,4042,640,236,1210,65,5.84,29.94
2024-04-14,AR003,Canada,7526,1188,446,2178,124,5.93,28.94
2024-04-14,AR003,France,12073,1903,713,3568,200,5.91,29.55
2024-04-14,AR003,Germany,23096,3650,1426,7091,383,6.17,30.7
2024-04-14,AR003,Japan,4418,697,273,1295,75,6.18,29.31
2024-04-14,AR003,United Kingdom,12912,2046,770,3942,209,5.96,30.53
2024-04-14,AR003,United States,18436,2902,1060,5380,309,5.75,29.18
2024-04-14,AR004,Brazil,1797,273,143,424,33,7.96,23.59
2024-04-14,AR004,Canada,3529,537,297,839,71,8.42,23.77
2024-04-14,AR004,France,5090,773,409,1153,99,8.04,22.65
2024-04-14,AR004,Germany,9701,1474,803,2310,189,8.28,23.81
2024-04-14,AR004,Japan,1874,286,153,431,37,8.16,23.0
2024-04-14,AR004,United Kingdom,5720,869,458,1343,111,8.01,23.48
2024-04-14,AR004,United States,7663,1164,632,1797,141,8.25,23.45
2024-04-15,AR001,Brazil,32769,5992,2773,8150,631,8.46,24.87
2024-04-15,AR001,Canada,57409,10508,4884,14058,1099,8.51,24.49
2024-04-15,AR001,France,96213,17490,8093,23517,1862,8.41,24.44
2024-04-15,AR001,Germany,185752,33840,15752,45849,3614,8.48,24.68
2024-04-15,AR001,Japan,32439,5949,2718,8030,632,8.38,24.75
2024-04-15,AR001,United Kingdom,104750,19074,8856,25881,2051,8.45,24.71
2024-04-15,AR001,United States,144607,26446,12008,35611,2833,8.3,24.63
2024-04-15,AR002,Brazil,3977,604,291,1023,72,7.32,25.72
2024-04-15,AR002,Canada,6946,1055,488,1863,129,7.03,26.82
2024-04-15,AR002,France,11670,1769,816,3019,205,6.99,25.87
2024-04-15,AR002,Germany,21374,3244,1531,5579,389,7.16,26.1
2024-04-15,AR002,Japan,3772,573,266,965,68,7.05,25.58
2024-04-15,AR002,United Kingdom,12934,1963,908,3294,226,7.02,25.47
2024-04-15,AR002,United States,17193,2608,1201,4550,309,6.99,26.46
2024-04-15,AR003,Brazil,4333,682,256,1282,71,5.91,29.59
2024-04-15,AR003,Canada,7766,1233,477,2386,129,6.14,30.72
2024-04-15,AR003,France,12895,2037,771,3857,211,5.98,29.91
2024-04-15,AR003,Germany,24569,3878,1488,7412,413,6.06,30.17
2024-04-15,AR003,Japan,4601,727,274,1354,75,5.96,29.43
2024-04-15,AR003,United Kingdom,14836,2352,894,4432,248,6.03,29.87
2024-04-15,AR003,United States,20182,3171,1187,6142,325,5.88,30.43
2024-04-15,AR004,Brazil,1971,300,158,439,37,8.02,22.27
2024-04-15,AR004,Canada,3760,571,291,884,72,7.74,23.51
2024-04-15,AR004,France,5700,866,482,1318,110,8.46,23.12
2024-04-15,AR004,Germany,10915,1659,918,2643,199,8.41,24.21
2024-04-15,AR004,Japan,1878,286,157,435,36,8.36,23.16
2024-04-15,AR004,United Kingdom,5926,901,487,1335,112,8.22,22.53
2024-04-15,AR004,United States,7956,1210,639,1840,147,8.03,23.13
2024-04-16,AR001,Brazil,33950,6182,2908,8344,651,8.57,24.58
2024-04-16,AR001,Canada,60352,11043,5144,14655,1174,8.52,24.28
2024-04-16,AR001,France,99830,18312,8449,24428,1914,8.46,24.47
2024-04-16,AR001,Germany,183717,33609,15473,45485,3526,8.42,24.76
2024-04-16,AR001,Japan,33179,6085,2793,8167,638,8.42,24.61
2024-04-16,AR001,United Kingdom,109532,20068,9319,26912,2088,8.51,24.57
2024-04-16,AR001,United States,146864,26900,12385,36034,2823,8.43,24.54
2024-04-16,AR002,Brazil,4175,634,305,1086,76,7.31,26.01
2024-04-16,AR002,Canada,7397,1122,539,1951,132,7.29,26.38
2024-04-16,AR002,France,12150,1845,870,3143,220,7.16,25.87
2024-04-16,AR002,Germany,22253,3376,1577,5557,395,7.09,24.97
2024-04-16,AR002,Japan,4078,618,293,1066,72,7.18,26.14
2024-04-16,AR002,United Kingdom,12931,1963,923,3441,230,7.14,26.61
2024-04-16,AR002,United States,16782,2546,1245,4395,299,7.42,26.19
2024-04-16,AR003,Brazil,4801,758,293,1463,81,6.1,30.47
2024-04-16,AR003,Canada,8257,1300,480,2539,140,5.81,30.75
2024-04-16,AR003,France,13337,2094,789,3917,234,5.92,29.37
2024-04-16,AR003,Germany,26429,4191,1591,7723,446,6.02,29.22
2024-04-16,AR003,Japan,4635,734,272,1419,74,5.87,30.61
2024-04-16,AR003,United Kingdom,14449,2292,853,4233,236,5.9,29.3
2024-04-16,AR003,United States,20099,3163,1208,6117,332,6.01,30.43
2024-04-16,AR004,Brazil,1929,294,158,434,37,8.19,22.5
2024-04-16,AR004,Canada,3816,581,307,886,72,8.05,23.22
2024-04-16,AR004,France,5791,881,469,1327,107,8.1,22.91
2024-04-16,AR004,Germany,10620,1615,846,2395,204,7.97,22.55
2024-04-16,AR004,Japan,2118,322,172,482,40,8.12,22.76
2024-04-16,AR004,United Kingdom,6466,984,507,1524,120,7.84,23.57
2024-04-16,AR004,United States,8352,1271,665,1924,160,7.96,23.04
2024-04-17,AR001,Brazil,32129,5850,2692,7812,619,8.38,24.31
2024-04-17,AR001,Canada,57625,10547,4854,14164,1119,8.42,24.58
2024-04-17,AR001,France,96021,17632,8162,23568,1860,8.5,24.54
2024-04-17,AR001,Germany,186955,34129,15820,46014,3604,8.46,24.61
2024-04-17,AR001,Japan,31992,5884,2744,7687,612,8.58,24.03
2024-04-17,AR001,United Kingdom,101624,18627,8572,25058,1947,8.44,24.66
2024-04-17,AR001,United States,142773,26083,12215,34950,2793,8.56,24.48
2024-04-17,AR002,Brazil,3967,603,274,1029,70,6.91,25.94
2024-04-17,AR002,Canada,7322,1111,516,1930,131,7.05,26.36
2024-04-17,AR002,France,11124,1688,807,2909,189,7.25,26.15
2024-04-17,AR002,Germany,22048,3346,1531,5883,402,6.94,26.68
2024-04-17,AR002,Japan,3995,608,289,1033,72,7.23,25.86
2024-04-17,AR002,United Kingdom,12179,1848,869,3116,218,7.14,25.59
2024-04-17,AR002,United States,16624,2523,1171,4283,298,7.04,25.76
2024-04-17,AR003,Brazil,4535,721,268,1313,74,5.91,28.95
2024-04-17,AR003,Canada,7905,1248,479,2380,129,6.06,30.11
2024-04-17,AR003,France,13894,2190,835,4149,226,6.01,29.86
2024-04-17,AR003,Germany,24243,3846,1403,7348,396,5.79,30.31
2024-04-17,AR003,Japan,4537,717,265,1350,75,5.84,29.76
2024-04-17,AR003,United Kingdom,14291,2248,828,4262,232,5.79,29.82
2024-04-17,AR003,United States,20093,3185,1202,5991,335,5.98,29.82
2024-04-17,AR004,Brazil,1979,301,167,449,37,8.44,22.69
2024-04-17,AR004,Canada,3481,529,286,788,67,8.22,22.64
2024-04-17,AR004,France,5858,891,495,1398,115,8.45,23.86
2024-04-17,AR004,Germany,11685,1777,994,2642,210,8.51,22.61
2024-04-17,AR004,Japan,2042,311,172,466,39,8.42,22.82
2024-04-17,AR004,United Kingdom,5845,888,489,1351,112,8.37,23.11
2024-04-17,AR004,United States,7738,1176,637,1736,154,8.23,22.43
2024-04-18,AR001,Brazil,31104,5715,2608,7575,595,8.38,24.35
2024-04-18,AR001,Canada,55645,10183,4794,13561,1085,8.62,24.37
2024-04-18,AR001,France,92277,16887,7812,22620,1788,8.47,24.51
2024-04-18,AR001,Germany,169564,30908,14301,41711,3239,8.43,24.6
2024-04-18,AR001,Japan,30703,5636,2602,7527,596,8.47,24.52
2024-04-18,AR001,United Kingdom,97074,17676,8228,23862,1866,8.48,24.58
2024-04-18,AR001,United States,135610,24728,11549,32983,2592,8.52,24.32
2024-04-18,AR002,Brazil,3640,553,264,955,66,7.25,26.24
2024-04-18,AR002,Canada,6579,999,471,1732,118,7.16,26.33
2024-04-18,AR002,France,11281,1711,836,2847,203,7.41,25.24
2024-04-18,AR002,Germany,20997,3186,1534,5431,369,7.31,25.87
2024-04-18,AR002,Japan,3603,547,253,956,64,7.02,26.53
2024-04-18,AR002,United Kingdom,11684,1773,827,3021,209,7.08,25.86
2024-04-18,AR002,United States,16107,2443,1180,4141,301,7.33,25.71
2024-04-18,AR003,Brazil,4284,679,259,1273,71,6.05,29.72
2024-04-18,AR003,Canada,7795,1231,460,2333,129,5.9,29.93
2024-04-18,AR003,France,12622,2004,746,3755,211,5.91,29.75
2024-04-18,AR003,Germany,23607,3737,1424,7298,398,6.03,30.91
2024-04-18,AR003,Japan,3987,631,243,1195,66,6.09,29.97
2024-04-18,AR003,United Kingdom,12850,2036,781,3860,215,6.08,30.04
2024-04-18,AR003,United States,17258,2722,1035,5131,288,6.0,29.73
2024-04-18,AR004,Brazil,1909,291,160,456,34,8.38,23.89
2024-04-18,AR004,Canada,3121,475,257,723,60,8.23,23.17
2024-04-18,AR004,France,5411,823,439,1232,102,8.11,22.77
2024-04-18,AR004,Germany,10633,1616,887,2427,203,8.34,22.83
2024-04-18,AR004,Japan,1918,292,160,435,36,8.34,22.68
2024-04-18,AR004,United Kingdom,6137,933,492,1402,119,8.02,22.85
2024-04-18,AR004,United States,8126,1235,648,1936,160,7.97,23.82
2024-04-19,AR001,Brazil,29914,5477,2542,7374,569,8.5,24.65
2024-04-19,AR001,Canada,53360,9719,4434,13019,1025,8.31,24.4
2024-04-19,AR001,France,91750,16866,7889,22578,1747,8.6,24.61
2024-04-19,AR001,Germany,168210,30848,14227,41039,3253,8.46,24.4
2024-04-19,AR001,Japan,30084,5530,2501,7377,576,8.31,24.52
2024-04-19,AR001,United Kingdom,92779,17005,7826,22859,1813,8.44,24.64
2024-04-19,AR001,United States,129994,23898,11019,31853,2517,8.48,24.5
2024-04-19,AR002,Brazil,3968,601,283,1001,70,7.13,25.23
2024-04-19,AR002,Canada,6437,976,451,1709,114,7.01,26.55
2024-04-19,AR002,France,10845,1645,768,2815,190,7.08,25.96
2024-04-19,AR002,Germany,19720,2993,1430,5138,359,7.25,26.05
2024-04-19,AR002,Japan,3530,537,251,931,64,7.11,26.37
2024-04-19,AR002,United Kingdom,10875,1649,773,2914,195,7.11,26.8
2024-04-19,AR002,United States,15392,2335,1103,4007,280,7.17,26.03
2024-04-19,AR003,Brazil,3879,613,240,1148,61,6.19,29.6
2024-04-19,AR003,Canada,7052,1115,416,2096,114,5.9,29.72
2024-04-19,AR003,France,11771,1863,724,3479,190,6.15,29.56
2024-04-19,AR003,Germany,22553,3579,1339,6754,382,5.94,29.95
2024-04-19,AR003,Japan,4291,678,250,1269,73,5.83,29.57
2024-04-19,AR003,United Kingdom,12315,1951,736,3687,205,5.98,29.94
2024-04-19,AR003,United States,18393,2910,1082,5485,303,5.88,29.82
2024-04-19,AR004,Brazil,1781,271,151,423,35,8.48,23.75
2024-04-19,AR004,Canada,3293,501,276,753,64,8.38,22.87
2024-04-19,AR004,France,5279,803,439,1224,97,8.32,23.19
2024-04-19,AR004,Germany,9873,1502,796,2262,181,8.06,22.91
2024-04-19,AR004,Japan,1679,255,135,360,31,8.04,21.44
2024-04-19,AR004,United Kingdom,5352,813,452,1228,103,8.45,22.94
2024-04-19,AR004,United States,7912,1203,632,1810,150,7.99,22.88
2024-04-20,AR001,Brazil,30204,5525,2585,7415,583,8.56,24.55
2024-04-20,AR001,Canada,54350,9885,4595,13254,1049,8.45,24.39
2024-04-20,AR001,France,92610,16921,7669,22871,1796,8.28,24.7
2024-04-20,AR001,Germany,166723,30601,14191,40908,3224,8.51,24.54
2024-04-20,AR001,Japan,30648,5622,2594,7477,589,8.46,24.4
2024-04-20,AR001,United Kingdom,100629,18337,8573,24905,1943,8.52,24.75
2024-04-20,AR001,United States,136502,25020,11730,33225,2631,8.59,24.34
2024-04-20,AR002,Brazil,3484,530,247,910,62,7.09,26.12
2024-04-20,AR002,Canada,6438,978,462,1648,114,7.18,25.6
2024-04-20,AR002,France,11093,1682,782,2805,200,7.05,25.29
2024-04-20,AR002,Germany,19240,2918,1383,4989,339,7.19,25.93
2024-04-20,AR002,Japan,3630,551,249,926,65,6.86,25.51
2024-04-20,AR002,United Kingdom,11798,1791,833,3106,216,7.06,26.33
2024-04-20,AR002,United States,16616,2521,1182,4259,294,7.11,25.63
2024-04-20,AR003,Brazil,4323,681,264,1324,71,6.11,30.63
2024-04-20,AR003,Canada,7606,1201,457,2235,125,6.01,29.38
2024-04-20,AR003,France,12035,1903,701,3593,204,5.82,29.85
2024-04-20,AR003,Germany,22195,3509,1307,6622,378,5.89,29.84
2024-04-20,AR003,Japan,3990,629,242,1209,63,6.07,30.3
2024-04-20,AR003,United Kingdom,13127,2072,768,3939,215,5.85,30.01
2024-04-20,AR003,United States,18018,2843,1068,5350,298,5.93,29.69
2024-04-20,AR004,Brazil,1780,272,152,416,33,8.54,23.37
2024-04-20,AR004,Canada,3150,479,258,709,60,8.19,22.51
2024-04-20,AR004,France,5709,868,458,1309,105,8.02,22.93
2024-04-20,AR004,Germany,10436,1586,848,2426,199,8.13,23.25
2024-04-20,AR004,Japan,1810,275,150,427,33,8.29,23.59
2024-04-20,AR004,United Kingdom,5668,863,471,1345,111,8.31,23.73
2024-04-20,AR004,United States,7861,1194,611,1797,148,7.77,22.86
2024-04-21,AR001,Brazil,33938,6195,2808,8345,664,8.27,24.59
2024-04-21,AR001,Canada,58738,10719,4974,14473,1126,8.47,24.64
2024-04-21,AR001,France,95141,17382,8011,23315,1859,8.42,24.51
2024-04-21,AR001,Germany,183459,33431,15449,44870,3530,8.42,24.46
2024-04-21,AR001,Japan,32800,5979,2741,8032,637,8.36,24.49
2024-04-21,AR001,United Kingdom,105811,19377,8801,25994,2040,8.32,24.57
2024-04-21,AR001,United States,145633,26579,12506,35865,2809,8.59,24.63
2024-04-21,AR002,Brazil,4018,609,279,1049,71,6.94,26.11
2024-04-21,AR002,Canada,7093,1076,506,1889,126,7.13,26.63
2024-04-21,AR002,France,11287,1712,796,3031,198,7.05,26.85
2024-04-21,AR002,Germany,21067,3197,1533,5503,370,7.28,26.12
2024-04-21,AR002,Japan,3918,594,280,1023,68,7.15,26.11
2024-04-21,AR002,United Kingdom,12603,1913,894,3298,232,7.09,26.17
2024-04-21,AR002,United States,17424,2644,1250,4447,301,7.17,25.52
2024-04-21,AR003,Brazil,4524,719,266,1360,75,5.88,30.06
2024-04-21,AR003,Canada,8548,1358,504,2607,142,5.9,30.5
2024-04-21,AR003,France,13807,2171,808,4318,223,5.85,31.27
2024-04-21,AR003,Germany,25148,3971,1485,7669,412,5.91,30.5
2024-04-21,AR003,Japan,4567,720,266,1369,75,5.82,29.98
2024-04-21,AR003,United Kingdom,14376,2273,850,4332,247,5.91,30.13
2024-04-21,AR003,United States,19840,3125,1178,5786,328,5.94,29.16
2024-04-21,AR004,Brazil,1899,288,149,422,36,7.85,22.22
2024-04-21,AR004,Canada,3740,568,305,891,73,8.16,23.82
2024-04-21,AR004,France,5602,853,456,1284,109,8.14,22.92
2024-04-21,AR004,Germany,11047,1679,911,2515,211,8.25,22.77
2024-04-21,AR004,Japan,1921,292,155,451,36,8.07,23.48
2024-04-21,AR004,United Kingdom,6308,959,524,1470,119,8.31,23.3
2024-04-21,AR004,United States,8428,1282,713,1973,167,8.46,23.41
2024-04-22,AR001,Brazil,36856,6752,3113,9018,710,8.45,24.47
2024-04-22,AR001,Canada,64345,11796,5448,15705,1230,8.47,24.41
2024-04-22,AR001,France,104846,19230,8929,26241,2028,8.52,25.03
2024-04-22,AR001,Germany,198274,36236,16892,48304,3807,8.52,24.36
2024-04-22,AR001,Japan,34961,6408,2988,8550,678,8.55,24.46
2024-04-22,AR001,United Kingdom,116988,21344,9988,28850,2253,8.54,24.66
2024-04-22,AR001,United States,155112,28320,13212,37707,2965,8.52,24.31
2024-04-22,AR002,Brazil,4269,648,303,1113,77,7.1,26.07
2024-04-22,AR002,Canada,7515,1139,534,1953,135,7.11,25.99
2024-04-22,AR002,France,12063,1829,867,3161,219,7.19,26.2
2024-04-22,AR002,Germany,23242,3527,1661,6054,409,7.15,26.05
2024-04-22,AR002,Japan,4375,665,319,1155,77,7.29,26.4
2024-04-22,AR002,United Kingdom,13494,2049,947,3506,241,7.02,25.98
2024-04-22,AR002,United States,18313,2779,1337,4808,327,7.3,26.25
2024-04-22,AR003,Brazil,4581,722,271,1390,76,5.92,30.34
2024-04-22,AR003,Canada,8643,1367,511,2610,142,5.91,30.2
2024-04-22,AR003,France,14869,2344,897,4543,244,6.03,30.55
2024-04-22,AR003,Germany,27232,4314,1633,8100,437,6.0,29.74
2024-04-22,AR003,Japan,4825,763,289,1456,81,5.99,30.18
2024-04-22,AR003,United Kingdom,15473,2447,929,4744,258,6.0,30.66
2024-04-22,AR003,United States,21704,3425,1297,6637,349,5.98,30.58
2024-04-22,AR004,Brazil,2075,316,172,481,40,8.29,23.18
2024-04-22,AR004,Canada,3558,540,302,831,68,8.49,23.36
2024-04-22,AR004,France,5966,906,487,1439,117,8.16,24.12
2024-04-22,AR004,Germany,11421,1736,947,2659,221,8.29,23.28
2024-04-22,AR004,Japan,2164,329,177,474,42,8.18,21.9
2024-04-22,AR004,United Kingdom,6247,950,536,1462,123,8.58,23.4
2024-04-22,AR004,United States,9591,1458,764,2174,184,7.97,22.67
2024-04-23,AR001,Brazil,36342,6686,3050,8958,695,8.39,24.65
2024-04-23,AR001,Canada,63388,11595,5348,15573,1223,8.44,24.57
2024-04-23,AR001,France,110800,20256,9380,26976,2168,8.47,24.35
2024-04-23,AR001,Germany,205849,37705,17420,50140,3934,8.46,24.36
2024-04-23,AR001,Japan,35868,6588,3102,8748,698,8.65,24.39
2024-04-23,AR001,United Kingdom,119259,21885,10084,29286,2315,8.46,24.56
2024-04-23,AR001,United States,162411,29753,13692,39797,3167,8.43,24.5
2024-04-23,AR002,Brazil,4433,673,314,1154,78,7.08,26.03
2024-04-23,AR002,Canada,7705,1169,537,1967,134,6.97,25.53
2024-04-23,AR002,France,12518,1900,907,3189,221,7.25,25.48
2024-04-23,AR002,Germany,23899,3629,1654,6196,428,6.92,25.93
2024-04-23,AR002,Japan,4545,690,320,1165,80,7.04,25.63
2024-04-23,AR002,United Kingdom,13980,2121,983,3701,251,7.03,26.47
2024-04-23,AR002,United States,19280,2925,1393,5082,339,7.23,26.36
2024-04-23,AR003,Brazil,4834,764,287,1430,80,5.94,29.58
2024-04-23,AR003,Canada,8625,1365,521,2590,139,6.04,30.03
2024-04-23,AR003,France,14791,2339,893,4359,248,6.04,29.47
2024-04-23,AR003,Germany,27692,4382,1637,8223,454,5.91,29.69
2024-04-23,AR003,Japan,5015,797,298,1490,86,5.94,29.71
2024-04-23,AR003,United Kingdom,16146,2556,989,4946,261,6.13,30.63
2024-04-23,AR003,United States,22127,3483,1299,6625,365,5.87,29.94
2024-04-23,AR004,Brazil,2089,318,172,496,40,8.23,23.74
2024-04-23,AR004,Canada,4114,625,336,969,76,8.17,23.55
2024-04-23,AR004,France,6246,949,491,1430,119,7.86,22.89
2024-04-23,AR004,Germany,12009,1827,1019,2928,229,8.49,24.38
2024-04-23,AR004,Japan,2117,322,171,491,41,8.08,23.19
2024-04-23,AR004,United Kingdom,6666,1014,540,1547,122,8.1,23.21
2024-04-23,AR004,United States,8959,1364,750,2037,176,8.37,22.74
2024-04-24,AR001,Brazil,35962,6569,3065,8811,691,8.52,24.5
2024-04-24,AR001,Canada,64119,11722,5485,15585,1249,8.55,24.31
2024-04-24,AR001,France,109495,19962,9329,26872,2134,8.52,24.54
2024-04-24,AR001,Germany,195080,35720,16645,47605,3758,8.53,24.4
2024-04-24,AR001,Japan,35613,6529,3019,8681,686,8.48,24.38
2024-04-24,AR001,United Kingdom,113442,20779,9723,27728,2158,8.57,24.44
2024-04-24,AR001,United States,149568,27285,12686,36622,2912,8.48,24.49
2024-04-24,AR002,Brazil,4147,629,290,1070,77,6.99,25.8
2024-04-24,AR002,Canada,8256,1252,571,2166,145,6.92,26.24
2024-04-24,AR002,France,12484,1895,892,3207,224,7.15,25.69
2024-04-24,AR002,Germany,23792,3609,1719,6173,416,7.23,25.95
2024-04-24,AR002,Japan,4538,690,327,1208,81,7.21,26.62
2024-04-24,AR002,United Kingdom,13558,2057,947,3571,242,6.98,26.34
2024-04-24,AR002,United States,18586,2820,1314,4814,325,7.07,25.9
2024-04-24,AR003,Brazil,4891,773,301,1473,83,6.15,30.12
2024-04-24,AR003,Canada,8683,1374,524,2524,143,6.03,29.07
2024-04-24,AR003,France,14786,2335,881,4357,250,5.96,29.47
2024-04-24,AR003,Germany,27723,4379,1669,8187,464,6.02,29.53
2024-04-24,AR003,Japan,4691,744,272,1383,78,5.8,29.48
2024-04-24,AR003,United Kingdom,14990,2373,898,4425,250,5.99,29.52
2024-04-24,AR003,United States,21416,3378,1282,6450,359,5.99,30.12
2024-04-24,AR004,Brazil,2107,320,175,470,38,8.31,22.31
2024-04-24,AR004,Canada,3842,584,318,882,76,8.28,22.96
2024-04-24,AR004,France,5932,902,481,1365,107,8.11,23.01
2024-04-24,AR004,Germany,10766,1636,886,2535,203,8.23,23.55
2024-04-24,AR004,Japan,2068,314,173,476,40,8.37,23.02
2024-04-24,AR004,United Kingdom,6851,1042,579,1664,132,8.45,24.29
2024-04-24,AR004,United States,8841,1344,717,2068,164,8.11,23.39
2024-04-25,AR001,Brazil,32892,6019,2775,8085,644,8.44,24.58
2024-04-25,AR001,Canada,59373,10912,5022,14465,1142,8.46,24.36
2024-04-25,AR001,France,103646,18901,8834,25176,1991,8.52,24.29
2024-04-25,AR001,Germany,188866,34493,15925,46040,3636,8.43,24.38
2024-04-25,AR001,Japan,33359,6107,2867,8179,639,8.59,24.52
2024-04-25,AR001,United Kingdom,105480,19315,8937,26075,2064,8.47,24.72
2024-04-25,AR001,United States,147432,26789,12353,36491,2828,8.38,24.75
2024-04-25,AR002,Brazil,3940,598,281,1033,71,7.13,26.22
2024-04-25,AR002,Canada,6751,1025,473,1744,121,7.01,25.83
2024-04-25,AR002,France,11552,1754,822,3013,200,7.12,26.08
2024-04-25,AR002,Germany,21896,3324,1554,5690,394,7.1,25.99
2024-04-25,AR002,Japan,3920,595,280,1038,71,7.14,26.48
2024-04-25,AR002,United Kingdom,12481,1893,895,3276,215,7.17,26.25
2024-04-25,AR002,United States,17389,2638,1237,4558,313,7.11,26.21
2024-04-25,AR003,Brazil,4558,722,271,1333,75,5.95,29.25
2024-04-25,AR003,Canada,8183,1296,490,2454,138,5.99,29.99
2024-04-25,AR003,France,12864,2046,758,3811,210,5.89,29.63
2024-04-25,AR003,Germany,24846,3910,1474,7381,430,5.93,29.71
2024-04-25,AR003,Japan,4460,702,256,1339,76,5.74,30.02
2024-04-25,AR003,United Kingdom,14666,2308,923,4324,242,6.29,29.48
2024-04-25,AR003,United States,19184,3028,1140,5729,317,5.94,29.86
2024-04-25,AR004,Brazil,1918,291,167,446,38,8.71,23.25
2024-04-25,AR004,Canada,3573,543,282,830,71,7.89,23.23
2024-04-25,AR004,France,5977,909,478,1423,117,8.0,23.81
2024-04-25,AR004,Germany,10640,1617,892,2566,213,8.38,24.12
2024-04-25,AR004,Japan,1910,290,158,444,36,8.27,23.25
2024-04-25,AR004,United Kingdom,6237,948,510,1413,120,8.18,22.66
2024-04-25,AR004,United States,7873,1197,629,1807,150,7.99,22.95
2024-04-26,AR001,Brazil,33077,6040,2799,8094,640,8.46,24.47
2024-04-26,AR001,Canada,58813,10762,4977,14406,1133,8.46,24.49
2024-04-26,AR001,France,96242,17519,8118,23573,1860,8.43,24.49
2024-04-26,AR001,Germany,173807,31754,14748,42958,3320,8.49,24.72
2024-04-26,AR001,Japan,31811,5794,2714,7791,622,8.53,24.49
2024-04-26,AR001,United Kingdom,101925,18660,8546,25006,1992,8.38,24.53
2024-04-26,AR001,United States,136340,24791,11685,33552,2632,8.57,24.61
2024-04-26,AR002,Brazil,3892,590,283,1032,71,7.27,26.52
2024-04-26,AR002,Canada,7014,1065,495,1784,128,7.06,25.43
2024-04-26,AR002,France,11763,1785,839,3001,210,7.13,25.51
2024-04-26,AR002,Germany,22873,3470,1649,6077,409,7.21,26.57
2024-04-26,AR002,Japan,3702,560,261,969,66,7.05,26.18
2024-04-26,AR002,United Kingdom,12312,1869,879,3199,228,7.14,25.98
2024-04-26,AR002,United States,16323,2477,1178,4303,292,7.22,26.36
2024-04-26,AR003,Brazil,4181,658,256,1202,70,6.12,28.75
2024-04-26,AR003,Canada,8280,1311,482,2408,141,5.82,29.08
2024-04-26,AR003,France,13771,2174,813,4166,231,5.9,30.25
2024-04-26,AR003,Germany,25893,4072,1532,7864,430,5.92,30.37
2024-04-26,AR003,Japan,4475,709,268,1362,73,5.99,30.44
2024-04-26,AR003,United Kingdom,13926,2193,849,4099,230,6.1,29.43
2024-04-26,AR003,United States,18805,2972,1128,5731,307,6.0,30.48
2024-04-26,AR004,Brazil,1717,261,142,395,32,8.27,23.01
2024-04-26,AR004,Canada,3336,508,264,793,65,7.91,23.77
2024-04-26,AR004,France,5271,802,433,1226,100,8.21,23.26
2024-04-26,AR004,Germany,10459,1590,881,2393,202,8.42,22.88
2024-04-26,AR004,Japan,1912,291,155,455,36,8.11,23.8
2024-04-26,AR004,United Kingdom,5896,896,494,1388,111,8.38,23.54
2024-04-26,AR004,United States,8375,1274,706,1964,156,8.43,23.45
2024-04-27,AR001,Brazil,33092,6049,2823,8116,638,8.53,24.53
2024-04-27,AR001,Canada,60554,11050,5069,14765,1173,8.37,24.38
2024-04-27,AR001,France,103441,18775,8649,25389,1986,8.36,24.54
2024-04-27,AR001,Germany,182483,33366,15446,44204,3537,8.46,24.22
2024-04-27,AR001,Japan,33086,6055,2804,8120,642,8.47,24.54
2024-04-27,AR001,United Kingdom,104130,19054,8950,25369,2042,8.6,24.36
2024-04-27,AR001,United States,144903,26169,12346,35406,2791,8.52,24.43
2024-04-27,AR002,Brazil,3779,572,270,987,67,7.14,26.12
2024-04-27,AR002,Canada,7131,1082,496,1823,130,6.96,25.56
2024-04-27,AR002,France,11997,1819,850,3133,210,7.09,26.11
2024-04-27,AR002,Germany,21898,3324,1550,5521,398,7.08,25.21
2024-04-27,AR002,Japan,3940,596,269,1034,70,6.83,26.24
2024-04-27,AR002,United Kingdom,13138,1993,968,3530,234,7.37,26.87
2024-04-27,AR002,United States,17732,2693,1255,4524,310,7.08,25.51
2024-04-27,AR003,Brazil,4615,730,278,1383,77,6.02,29.97
2024-04-27,AR003,Canada,7945,1259,492,2410,134,6.19,30.33
2024-04-27,AR003,France,13204,2093,780,3940,212,5.91,29.84
2024-04-27,AR003,Germany,25378,4016,1481,7300,424,5.84,28.77
2024-04-27,AR003,Japan,4567,725,271,1359,75,5.93,29.76
2024-04-27,AR003,United Kingdom,14792,2338,891,4460,255,6.02,30.15
2024-04-27,AR003,United States,20463,3233,1232,6091,336,6.02,29.77
2024-04-27,AR004,Brazil,1885,287,146,422,36,7.75,22.39
2024-04-27,AR004,Canada,3484,530,292,833,68,8.38,23.91
2024-04-27,AR004,France,6068,923,482,1458,117,7.94,24.03
2024-04-27,AR004,Germany,10771,1637,869,2562,203,8.07,23.79
2024-04-27,AR004,Japan,1859,283,151,424,35,8.12,22.81
2024-04-27,AR004,United Kingdom,6631,1008,544,1538,130,8.2,23.19
2024-04-27,AR004,United States,8849,1346,736,2052,174,8.32,23.19
2024-04-28,AR001,Brazil,34668,6338,2954,8490,667,8.52,24.49
2024-04-28,AR001,Canada,62783,11532,5244,15417,1207,8.35,24.56
2024-04-28,AR001,France,110035,20050,9588,27135,2134,8.71,24.66
2024-04-28,AR001,Germany,196530,35951,16742,47845,3811,8.52,24.34
2024-04-28,AR001,Japan,35962,6582,3067,8764,696,8.53,24.37
2024-04-28,AR001,United Kingdom,113945,20899,9669,27697,2200,8.49,24.31
2024-04-28,AR001,United States,151667,27517,12794,36775,2933,8.44,24.25
2024-04-28,AR002,Brazil,4292,652,303,1114,76,7.06,25.96
2024-04-28,AR002,Canada,7552,1147,534,1987,137,7.07,26.31
2024-04-28,AR002,France,12754,1934,928,3378,239,7.28,26.49
2024-04-28,AR002,Germany,24009,3642,1735,6440,429,7.23,26.82
2024-04-28,AR002,Japan,4113,625,294,1063,74,7.15,25.84
2024-04-28,AR002,United Kingdom,13595,2062,959,3485,241,7.05,25.63
2024-04-28,AR002,United States,17969,2727,1270,4713,317,7.07,26.23
2024-04-28,AR003,Brazil,5140,807,310,1534,84,6.03,29.84
2024-04-28,AR003,Canada,8490,1349,526,2519,139,6.2,29.67
2024-04-28,AR003,France,13629,2160,826,4036,222,6.06,29.61
2024-04-28,AR003,Germany,26753,4221,1563,8083,438,5.84,30.21
2024-04-28,AR003,Japan,4691,742,279,1437,79,5.95,30.63
2024-04-28,AR003,United Kingdom,15615,2482,926,4497,257,5.93,28.8
2024-04-28,AR003,United States,21336,3371,1288,6351,353,6.04,29.77
2024-04-28,AR004,Brazil,2099,319,166,493,40,7.91,23.49
2024-04-28,AR004,Canada,3685,560,285,878,70,7.73,23.83
2024-04-28,AR004,France,5888,895,476,1354,112,8.08,23.0
2024-04-28,AR004,Germany,11584,1762,932,2647,223,8.05,22.85
2024-04-28,AR004,Japan,2018,307,170,452,39,8.42,22.4
2024-04-28,AR004,United Kingdom,7141,1086,600,1694,132,8.4,23.72
2024-04-28,AR004,United States,8963,1363,734,2192,172,8.19,24.46
2024-04-29,AR001,Brazil,37490,6841,3176,9156,735,8.47,24.42
2024-04-29,AR001,Canada,66909,12234,5688,16210,1310,8.5,24.23
2024-04-29,AR001,France,118586,21530,10173,29269,2298,8.58,24.68
2024-04-29,AR001,Germany,212758,38978,17870,51884,4122,8.4,24.39
2024-04-29,AR001,Japan,36958,6756,3201,9116,707,8.66,24.67
2024-04-29,AR001,United Kingdom,123056,22357,10543,30152,2375,8.57,24.5
2024-04-29,AR001,United States,163290,29666,13849,40228,3185,8.48,24.64
2024-04-29,AR002,Brazil,4608,699,342,1187,82,7.42,25.76
2024-04-29,AR002,Canada,8117,1232,599,2101,147,7.38,25.88
2024-04-29,AR002,France,13922,2114,959,3490,249,6.89,25.07
2024-04-29,AR002,Germany,25196,3824,1781,6633,450,7.07,26.33
2024-04-29,AR002,Japan,4751,721,343,1214,88,7.22,25.55
2024-04-29,AR002,United Kingdom,14229,2159,1010,3793,248,7.1,26.66
2024-04-29,AR002,United States,20149,3060,1430,5208,355,7.1,25.85
2024-04-29,AR003,Brazil,5098,805,314,1538,84,6.16,30.17
2024-04-29,AR003,Canada,9333,1477,552,2714,153,5.91,29.08
2024-04-29,AR003,France,15352,2429,949,4583,264,6.18,29.85
2024-04-29,AR003,Germany,29057,4606,1788,8576,485,6.15,29.51
2024-04-29,AR003,Japan,5006,788,300,1487,81,5.99,29.7
2024-04-29,AR003,United Kingdom,15934,2514,950,4714,263,5.96,29.58
2024-04-29,AR003,United States,23551,3720,1418,7004,390,6.02,29.74
2024-04-29,AR004,Brazil,2262,344,188,518,43,8.31,22.9
2024-04-29,AR004,Canada,4071,620,342,947,80,8.4,23.26
2024-04-29,AR004,France,6873,1045,556,1599,133,8.09,23.26
2024-04-29,AR004,Germany,13365,2032,1078,3086,256,8.07,23.09
2024-04-29,AR004,Japan,2176,331,182,481,42,8.36,22.1
2024-04-29,AR004,United Kingdom,7291,1108,584,1694,137,8.01,23.23
2024-04-29,AR004,United States,9428,1433,783,2194,187,8.31,23.27
2024-04-30,AR001,Brazil,39127,7155,3335,9724,748,8.52,24.85
2024-04-30,AR001,Canada,69420,12704,5883,17130,1355,8.47,24.68
2024-04-30,AR001,France,119749,21769,10313,29337,2344,8.61,24.5
2024-04-30,AR001,Germany,220148,40322,18686,53564,4205,8.49,24.33
2024-04-30,AR001,Japan,39113,7130,3354,9655,753,8.58,24.68
2024-04-30,AR001,United Kingdom,123732,22666,10583,30384,2398,8.55,24.56
2024-04-30,AR001,United States,167290,30378,14122,41352,3231,8.44,24.72
2024-04-30,AR002,Brazil,4573,694,328,1179,82,7.17,25.78
2024-04-30,AR002,Canada,8332,1263,600,2117,150,7.2,25.41
2024-04-30,AR002,France,13828,2097,978,3541,247,7.07,25.61
2024-04-30,AR002,Germany,26614,4037,1910,6984,470,7.18,26.24
2024-04-30,AR002,Japan,4541,687,320,1179,81,7.05,25.96
2024-04-30,AR002,United Kingdom,15393,2336,1103,3928,276,7.17,25.52
2024-04-30,AR002,United States,20630,3129,1485,5301,370,7.2,25.7
2024-04-30,AR003,Brazil,5221,824,321,1616,87,6.15,30.95
2024-04-30,AR003,Canada,9700,1526,570,2941,158,5.88,30.32
2024-04-30,AR003,France,15986,2532,970,4724,264,6.07,29.55
2024-04-30,AR003,Germany,29416,4633,1769,8999,498,6.01,30.59
2024-04-30,AR003,Japan,5648,892,347,1700,95,6.14,30.1
2024-04-30,AR003,United Kingdom,17068,2708,1069,5137,281,6.26,30.1
2024-04-30,AR003,United States,22802,3609,1345,6796,373,5.9,29.8
2024-04-30,AR004,Brazil,2349,357,194,544,47,8.26,23.16
2024-04-30,AR004,Canada,4351,661,338,992,81,7.77,22.8
2024-04-30,AR004,France,7270,1106,605,1672,140,8.32,23.0
2024-04-30,AR004,Germany,12969,1971,1074,2994,251,8.28,23.09
2024-04-30,AR004,Japan,2429,368,194,558,47,7.99,22.97
2024-04-30,AR004,United Kingdom,7031,1070,587,1554,134,8.35,22.1
2024-04-30,AR004,United States,10682,1625,922,2462,197,8.63,23.05
